{
  "no_gt": {
    "num_leaves": 74,
    "learning_rate": 0.05979677121104244,
    "min_child_samples": 17,
    "feature_fraction": 0.8891804204888001,
    "rounds": 111
  },
  "gt_proc": {
    "num_leaves": 101,
    "learning_rate": 0.011812623682323182,
    "min_child_samples": 10,
    "feature_fraction": 0.8820058411305894,
    "rounds": 72
  },
  "gt_raw": {
    "num_leaves": 109,
    "learning_rate": 0.007998913010274297,
    "min_child_samples": 10,
    "feature_fraction": 0.8144368023434178,
    "rounds": 141
  }
}